{
  "hash": "6daaab6b",
  "configHash": "4387100e",
  "lockfileHash": "a4ca80da",
  "browserHash": "18fab435",
  "optimized": {
    "@angular/animations": {
      "src": "../../../../../../node_modules/@angular/animations/fesm2022/animations.mjs",
      "file": "@angular_animations.js",
      "fileHash": "7162a35c",
      "needsInterop": false
    },
    "@angular/cdk/bidi": {
      "src": "../../../../../../node_modules/@angular/cdk/fesm2022/bidi.mjs",
      "file": "@angular_cdk_bidi.js",
      "fileHash": "4c7c8100",
      "needsInterop": false
    },
    "@angular/cdk/text-field": {
      "src": "../../../../../../node_modules/@angular/cdk/fesm2022/text-field.mjs",
      "file": "@angular_cdk_text-field.js",
      "fileHash": "b8694351",
      "needsInterop": false
    },
    "@angular/common": {
      "src": "../../../../../../node_modules/@angular/common/fesm2022/common.mjs",
      "file": "@angular_common.js",
      "fileHash": "097cf83b",
      "needsInterop": false
    },
    "@angular/common/http": {
      "src": "../../../../../../node_modules/@angular/common/fesm2022/http.mjs",
      "file": "@angular_common_http.js",
      "fileHash": "6c0a561f",
      "needsInterop": false
    },
    "@angular/core": {
      "src": "../../../../../../node_modules/@angular/core/fesm2022/core.mjs",
      "file": "@angular_core.js",
      "fileHash": "b2a227d8",
      "needsInterop": false
    },
    "@angular/forms": {
      "src": "../../../../../../node_modules/@angular/forms/fesm2022/forms.mjs",
      "file": "@angular_forms.js",
      "fileHash": "7852ccfd",
      "needsInterop": false
    },
    "@angular/material/button": {
      "src": "../../../../../../node_modules/@angular/material/fesm2022/button.mjs",
      "file": "@angular_material_button.js",
      "fileHash": "8b46e2b3",
      "needsInterop": false
    },
    "@angular/material/form-field": {
      "src": "../../../../../../node_modules/@angular/material/fesm2022/form-field.mjs",
      "file": "@angular_material_form-field.js",
      "fileHash": "33c91f56",
      "needsInterop": false
    },
    "@angular/material/input": {
      "src": "../../../../../../node_modules/@angular/material/fesm2022/input.mjs",
      "file": "@angular_material_input.js",
      "fileHash": "a22d8cc5",
      "needsInterop": false
    },
    "@angular/material/table": {
      "src": "../../../../../../node_modules/@angular/material/fesm2022/table.mjs",
      "file": "@angular_material_table.js",
      "fileHash": "96202a74",
      "needsInterop": false
    },
    "@angular/platform-browser": {
      "src": "../../../../../../node_modules/@angular/platform-browser/fesm2022/platform-browser.mjs",
      "file": "@angular_platform-browser.js",
      "fileHash": "6ccee804",
      "needsInterop": false
    },
    "@angular/platform-browser/animations": {
      "src": "../../../../../../node_modules/@angular/platform-browser/fesm2022/animations.mjs",
      "file": "@angular_platform-browser_animations.js",
      "fileHash": "54f71526",
      "needsInterop": false
    },
    "@angular/router": {
      "src": "../../../../../../node_modules/@angular/router/fesm2022/router.mjs",
      "file": "@angular_router.js",
      "fileHash": "c6d4d49a",
      "needsInterop": false
    },
    "angular-svg-icon": {
      "src": "../../../../../../node_modules/angular-svg-icon/fesm2020/angular-svg-icon.mjs",
      "file": "angular-svg-icon.js",
      "fileHash": "ece1a6a2",
      "needsInterop": false
    },
    "ngx-sonner": {
      "src": "../../../../../../node_modules/ngx-sonner/fesm2022/ngx-sonner.mjs",
      "file": "ngx-sonner.js",
      "fileHash": "6fda5252",
      "needsInterop": false
    },
    "rxjs": {
      "src": "../../../../../../node_modules/rxjs/dist/esm5/index.js",
      "file": "rxjs.js",
      "fileHash": "cf1075ec",
      "needsInterop": false
    },
    "zone.js": {
      "src": "../../../../../../node_modules/zone.js/fesm2015/zone.js",
      "file": "zone__js.js",
      "fileHash": "620c8c17",
      "needsInterop": true
    }
  },
  "chunks": {
    "chunk-3275XUNY": {
      "file": "chunk-3275XUNY.js"
    },
    "chunk-OVNEHKHF": {
      "file": "chunk-OVNEHKHF.js"
    },
    "chunk-B3E7RFZD": {
      "file": "chunk-B3E7RFZD.js"
    },
    "chunk-ZNV3XPWF": {
      "file": "chunk-ZNV3XPWF.js"
    },
    "chunk-KBFFURKJ": {
      "file": "chunk-KBFFURKJ.js"
    },
    "chunk-4MT4HXR3": {
      "file": "chunk-4MT4HXR3.js"
    },
    "chunk-O4UEA5BK": {
      "file": "chunk-O4UEA5BK.js"
    },
    "chunk-HXHGB5QM": {
      "file": "chunk-HXHGB5QM.js"
    },
    "chunk-QHC56FGR": {
      "file": "chunk-QHC56FGR.js"
    },
    "chunk-K7QKZQK6": {
      "file": "chunk-K7QKZQK6.js"
    },
    "chunk-DE3MY7RS": {
      "file": "chunk-DE3MY7RS.js"
    },
    "chunk-43UB4TP7": {
      "file": "chunk-43UB4TP7.js"
    },
    "chunk-W7ENOTKE": {
      "file": "chunk-W7ENOTKE.js"
    },
    "chunk-2QVOP24D": {
      "file": "chunk-2QVOP24D.js"
    },
    "chunk-3KKC7HMJ": {
      "file": "chunk-3KKC7HMJ.js"
    },
    "chunk-WDMUDEB6": {
      "file": "chunk-WDMUDEB6.js"
    }
  }
}