{
  "hash": "2fff2156",
  "configHash": "99327c9e",
  "lockfileHash": "367e58cb",
  "browserHash": "a2b76bbf",
  "optimized": {
    "@angular/animations": {
      "src": "../../../../../../node_modules/@angular/animations/fesm2022/animations.mjs",
      "file": "@angular_animations.js",
      "fileHash": "00682411",
      "needsInterop": false
    },
    "@angular/common": {
      "src": "../../../../../../node_modules/@angular/common/fesm2022/common.mjs",
      "file": "@angular_common.js",
      "fileHash": "6398a1eb",
      "needsInterop": false
    },
    "@angular/common/http": {
      "src": "../../../../../../node_modules/@angular/common/fesm2022/http.mjs",
      "file": "@angular_common_http.js",
      "fileHash": "e88793c7",
      "needsInterop": false
    },
    "@angular/core": {
      "src": "../../../../../../node_modules/@angular/core/fesm2022/core.mjs",
      "file": "@angular_core.js",
      "fileHash": "a4593818",
      "needsInterop": false
    },
    "@angular/forms": {
      "src": "../../../../../../node_modules/@angular/forms/fesm2022/forms.mjs",
      "file": "@angular_forms.js",
      "fileHash": "8b045a82",
      "needsInterop": false
    },
    "@angular/platform-browser": {
      "src": "../../../../../../node_modules/@angular/platform-browser/fesm2022/platform-browser.mjs",
      "file": "@angular_platform-browser.js",
      "fileHash": "3678f709",
      "needsInterop": false
    },
    "@angular/platform-browser/animations": {
      "src": "../../../../../../node_modules/@angular/platform-browser/fesm2022/animations.mjs",
      "file": "@angular_platform-browser_animations.js",
      "fileHash": "8310b58e",
      "needsInterop": false
    },
    "@angular/router": {
      "src": "../../../../../../node_modules/@angular/router/fesm2022/router.mjs",
      "file": "@angular_router.js",
      "fileHash": "a5db97e0",
      "needsInterop": false
    },
    "angular-svg-icon": {
      "src": "../../../../../../node_modules/angular-svg-icon/fesm2020/angular-svg-icon.mjs",
      "file": "angular-svg-icon.js",
      "fileHash": "dcaa332b",
      "needsInterop": false
    },
    "ngx-sonner": {
      "src": "../../../../../../node_modules/ngx-sonner/fesm2022/ngx-sonner.mjs",
      "file": "ngx-sonner.js",
      "fileHash": "4535c840",
      "needsInterop": false
    },
    "rxjs": {
      "src": "../../../../../../node_modules/rxjs/dist/esm5/index.js",
      "file": "rxjs.js",
      "fileHash": "5baf1170",
      "needsInterop": false
    },
    "zone.js": {
      "src": "../../../../../../node_modules/zone.js/fesm2015/zone.js",
      "file": "zone__js.js",
      "fileHash": "27996fb3",
      "needsInterop": true
    }
  },
  "chunks": {
    "chunk-2UF7SZ4G": {
      "file": "chunk-2UF7SZ4G.js"
    },
    "chunk-O4UEA5BK": {
      "file": "chunk-O4UEA5BK.js"
    },
    "chunk-OVNEHKHF": {
      "file": "chunk-OVNEHKHF.js"
    },
    "chunk-43UB4TP7": {
      "file": "chunk-43UB4TP7.js"
    },
    "chunk-DE3MY7RS": {
      "file": "chunk-DE3MY7RS.js"
    },
    "chunk-W7ENOTKE": {
      "file": "chunk-W7ENOTKE.js"
    },
    "chunk-2QVOP24D": {
      "file": "chunk-2QVOP24D.js"
    },
    "chunk-3KKC7HMJ": {
      "file": "chunk-3KKC7HMJ.js"
    },
    "chunk-WDMUDEB6": {
      "file": "chunk-WDMUDEB6.js"
    }
  }
}